create database INVOICE2;
use INVOICE2;
show databases;
create table student(id int primary key auto_increment,name varchar(20), age int, city varchar(30));
desc student;
alter table student add dob date;
desc student;                                                                             
alter table student modify dob year;
desc student;
alter table student drop city;
desc student;
create table customer(cust_id int primary key auto_increment, address varchar(30),city varchar(30),phn_no int);
desc customer;
create table product(p_id int primary key auto_increment,pname varchar(20),price int default'0');
desc product;
create table invoice_master(inv_id int primary key auto_increment,cust_id int,constraint cust_id foreign key(cust_id)references customer(cust_id),inv_date date);
desc invoice_master;
create table invoice_item(inv_id int, constraint inv_id foreign key(inv_id) references invoice_master(inv_id),p_id int,constraint p_id foreign key(p_id) references product(p_id),quantity int);
desc invoice_item;
show tables;
alter table customer add cust_name varchar(20);
desc customer;
truncate student;
drop table student;
show tables;
insert into customer values(1001,"thoppil house","Kottayam",456768786,"anu");
insert into customer values(1002,"mleveettyl","Pathanamthitta",NULL,"Appu");
insert into customer values(1003,"charivukalayil","Ranni",57657898,"Allu");
insert into customer values(1004,"thottakuzhi","Ranni",NULL,"Anna");
insert into customer values(1005,"thoppil","konni",456768786,"Adan");
select * from customer;
insert into product value(200,"Soap",50);
insert into product value(205,"Rice",500);
insert into product value(206,"Bag",750);
insert into product value(209,"Book",50);
insert into product value(212,"Pen",10);
select * from product;
insert into invoice_master values(111,1001,'2018-02-01');
insert into invoice_master values(112,1002,'2021-03-11');
insert into invoice_master values(113,1003,'2018-02-03');
insert into invoice_master values(114,1004,'2019-11-04');
insert into invoice_master values(115,1005,'2020-07-25');
select * from invoice_master;
insert into invoice_item values(111,200,4);
insert into invoice_item values(112,205,5);
insert into invoice_item values(113,206,3);
insert into invoice_item values(114,209,2);
insert into invoice_item values(115,212,6);
select * from invoice_item;
update customer set city='Kozhikkodu' where cust_id=1001;
select * from customer;
update customer set phn_no=949722980 where cust_id=1002;
select * from customer;
delete from invoice_item where inv_id=111;
select * from invoice_item;
delete from invoice_master where inv_id=111;
select * from invoice_master;